node,property,value
aida-item:PER.ProfessionalPosition,aida-property:hasName,"en:""aida-item:PER.ProfessionalPosition"""
aida-property:GeneralAffiliation.Sponsorship_Sponsor,aida-property:hasName,"en:""aida-property:GeneralAffiliation.Sponsorship_Sponsor"""
aida-entity:4fba8ada-3361-459c-a37f-a0ccc4624ac5,aida-property:linkTarget,LDC2019E43:2017370
aida-item:SID.Religious.Religious,aida-property:hasName,"en:""aida-item:SID.Religious.Religious"""
aida-entity:e45a2f47-4a27-4bfe-8a09-221d2216cd7f,aida-property:linkTarget,LDC2019E43:709716
aida-item:ORG.PoliticalOrganization.Court,aida-property:hasName,"en:""aida-item:ORG.PoliticalOrganization.Court"""
aida-property:OrganizationAffiliation.Leadership.Government_GovernmentBodyOrGPE,aida-property:hasName,"en:""aida-property:OrganizationAffiliation.Leadership.Government_GovernmentBodyOrGPE"""
aida-entity:e8d98762-d520-49ed-8de4-5b208d2e3fc9,aida-property:linkTarget,LDC2019E43:8053946
aida-property:Evaluate.Deliberateness.Accidental_Event,aida-property:hasName,"en:""aida-property:Evaluate.Deliberateness.Accidental_Event"""
aida-item:CRM.PoliticalCrime.AbuseOfOffice,aida-property:hasName,"en:""aida-item:CRM.PoliticalCrime.AbuseOfOffice"""
aida-property:OrganizationAffiliation.Leadership_Organization,aida-property:hasName,"en:""aida-property:OrganizationAffiliation.Leadership_Organization"""
aida-item:PER.ProfessionalPosition.Spy,aida-property:hasName,"en:""aida-item:PER.ProfessionalPosition.Spy"""
aida-item:VEH.Aircraft.Airplane,aida-property:hasName,"en:""aida-item:VEH.Aircraft.Airplane"""
aida-property:OrganizationAffiliation.Leadership_Leader,aida-property:hasName,"en:""aida-property:OrganizationAffiliation.Leadership_Leader"""
aida-item:Contact.CommitmentPromiseExpressIntent.Correspondence,aida-property:hasName,"en:""aida-item:Contact.CommitmentPromiseExpressIntent.Correspondence"""
aida-property:GeneralAffiliation.MemberOriginReligionEthnicity_EntityOrFiller,aida-property:hasName,"en:""aida-property:GeneralAffiliation.MemberOriginReligionEthnicity_EntityOrFiller"""
aida-entity:ba5bd100-3c53-45bb-8c1e-81d7827e948d,aida-property:linkTarget,LDC2019E43:732793
aida-item:Justice.Investigate,aida-property:hasName,"en:""aida-item:Justice.Investigate"""
aida-property:ResponsibilityBlame.AssignBlame.AssignBlame_EntityResponsible,aida-property:hasName,"en:""aida-property:ResponsibilityBlame.AssignBlame.AssignBlame_EntityResponsible"""
aida-entity:4fba8ada-3361-459c-a37f-a0ccc4624ac5,aida-property:linkTarget,LDC2019E43:5168839
aida-entity:e45a2f47-4a27-4bfe-8a09-221d2216cd7f,aida-property:linkTarget,LDC2019E43:709717
aida-item:PER.Politician.Mayor,aida-property:hasName,"en:""aida-item:PER.Politician.Mayor"""
aida-entity:e45a2f47-4a27-4bfe-8a09-221d2216cd7f,aida-property:hasName,"en:""Donetsk"""
aida-entity:4fba8ada-3361-459c-a37f-a0ccc4624ac5,aida-property:hasName,"en:""Russian"""
aida-item:FAC.Building.GovernmentBuilding,aida-property:hasName,"en:""aida-item:FAC.Building.GovernmentBuilding"""
aida-property:Information.Make.Make_Brand,aida-property:hasName,"en:""aida-property:Information.Make.Make_Brand"""
aida-item:RES.NumberPercentageVotes.NumberPercentageVotes,aida-property:hasName,"en:""aida-item:RES.NumberPercentageVotes.NumberPercentageVotes"""
aida-property:Measurement.Size.HeightLengthWidth_EntityOrFiller,aida-property:hasName,"en:""aida-property:Measurement.Size.HeightLengthWidth_EntityOrFiller"""
aida-item:LOC.Position.Field,aida-property:hasName,"en:""aida-item:LOC.Position.Field"""
aida-item:Movement.TransportPerson.EvacuationRescue,aida-property:hasName,"en:""aida-item:Movement.TransportPerson.EvacuationRescue"""
aida-property:GeneralAffiliation.ArtifactPoliticalOrganizationReligiousAffiliation.NationalityCitizen_Artifact,aida-property:hasName,"en:""aida-property:GeneralAffiliation.ArtifactPoliticalOrganizationReligiousAffiliation.NationalityCitizen_Artifact"""
aida-item:Movement.TransportArtifact.PreventEntry,aida-property:hasName,"en:""aida-item:Movement.TransportArtifact.PreventEntry"""
aida-item:VEH.Rocket.Rocket,aida-property:hasName,"en:""aida-item:VEH.Rocket.Rocket"""
aida-item:WEA.ThrownProjectile,aida-property:hasName,"en:""aida-item:WEA.ThrownProjectile"""
aida-item:FAC.Installation.TrainStation,aida-property:hasName,"en:""aida-item:FAC.Installation.TrainStation"""
aida-item:PER.Fan.SportsFan,aida-property:hasName,"en:""aida-item:PER.Fan.SportsFan"""
aida-item:COM.Document,aida-property:hasName,"en:""aida-item:COM.Document"""
aida-property:Evaluate.Sentiment.Positive_Holder,aida-property:hasName,"en:""aida-property:Evaluate.Sentiment.Positive_Holder"""
aida-property:PersonalSocial.Role.TitleFormOfAddress_Title,aida-property:hasName,"en:""aida-property:PersonalSocial.Role.TitleFormOfAddress_Title"""
aida-entity:4fba8ada-3361-459c-a37f-a0ccc4624ac5,aida-property:hasName,"en:""Russia"""
aida-item:OrganizationAffiliation.EmploymentMembership.Employment,aida-property:hasName,"en:""aida-item:OrganizationAffiliation.EmploymentMembership.Employment"""
aida-item:GeneralAffiliation.MemberOriginReligionEthnicity.NationalityCitizen,aida-property:hasName,"en:""aida-item:GeneralAffiliation.MemberOriginReligionEthnicity.NationalityCitizen"""
aida-property:OrganizationAffiliation.Founder.Founder_Organization,aida-property:hasName,"en:""aida-property:OrganizationAffiliation.Founder.Founder_Organization"""
aida-property:Measurement.Size.Count_Measurement,aida-property:hasName,"en:""aida-property:Measurement.Size.Count_Measurement"""
aida-item:ORG.Government,aida-property:hasName,"en:""aida-item:ORG.Government"""
aida-item:Government.Agreements.ViolateAgreement,aida-property:hasName,"en:""aida-item:Government.Agreements.ViolateAgreement"""
aida-entity:1adf20cf-9ade-467e-82a3-f4583a7b5c19,aida-property:linkTarget,LDC2019E43:6615563
aida-item:FAC.Installation.Airport,aida-property:hasName,"en:""aida-item:FAC.Installation.Airport"""
aida-item:VEH.WheeledVehicle,aida-property:hasName,"en:""aida-item:VEH.WheeledVehicle"""
aida-entity:de116796-d44b-4a1a-8491-4dcced8e8a9f,aida-property:linkTarget,LDC2019E43:708222
aida-item:FAC.GeographicalArea.Border,aida-property:hasName,"en:""aida-item:FAC.GeographicalArea.Border"""
aida-item:FAC.Installation.MilitaryInstallation,aida-property:hasName,"en:""aida-item:FAC.Installation.MilitaryInstallation"""
aida-item:Government.Formation.StartGPE,aida-property:hasName,"en:""aida-item:Government.Formation.StartGPE"""
aida-item:Contact.Prevarication.Broadcast,aida-property:hasName,"en:""aida-item:Contact.Prevarication.Broadcast"""
aida-entity:e8d98762-d520-49ed-8de4-5b208d2e3fc9,aida-property:linkTarget,LDC2019E43:696643
aida-item:ArtifactExistence.DamageDestroy.Destroy,aida-property:hasName,"en:""aida-item:ArtifactExistence.DamageDestroy.Destroy"""
aida-item:Measurement.Size,aida-property:hasName,"en:""aida-item:Measurement.Size"""
aida-property:GeneralAffiliation.OrganizationWebsite.OrganizationWebsite_Website,aida-property:hasName,"en:""aida-property:GeneralAffiliation.OrganizationWebsite.OrganizationWebsite_Website"""
aida-item:GPE.UrbanArea.Village,aida-property:hasName,"en:""aida-item:GPE.UrbanArea.Village"""
aida-entity:4fba8ada-3361-459c-a37f-a0ccc4624ac5,aida-property:linkTarget,LDC2019E43:504176
aida-item:Manufacture.Artifact,aida-property:hasName,"en:""aida-item:Manufacture.Artifact"""
aida-item:Measurement.Size.HeightLengthWidth,aida-property:hasName,"en:""aida-item:Measurement.Size.HeightLengthWidth"""
aida-item:PartWhole.Subsidiary.NationalityCitizen,aida-property:hasName,"en:""aida-item:PartWhole.Subsidiary.NationalityCitizen"""
aida-item:VEH.Aircraft.Helicopter,aida-property:hasName,"en:""aida-item:VEH.Aircraft.Helicopter"""
aida-item:COM.Wreckage.Wreckage,aida-property:hasName,"en:""aida-item:COM.Wreckage.Wreckage"""
aida-item:Contact.CommitmentPromiseExpressIntent,aida-property:hasName,"en:""aida-item:Contact.CommitmentPromiseExpressIntent"""
aida-item:ORG.Government.LawEnforcementAgency,aida-property:hasName,"en:""aida-item:ORG.Government.LawEnforcementAgency"""
aida-item:OrganizationAffiliation.Leadership.Government,aida-property:hasName,"en:""aida-item:OrganizationAffiliation.Leadership.Government"""
aida-item:FAC.Building.OfficeBuilding,aida-property:hasName,"en:""aida-item:FAC.Building.OfficeBuilding"""
aida-item:Contact.ThreatenCoerce.Correspondence,aida-property:hasName,"en:""aida-item:Contact.ThreatenCoerce.Correspondence"""
aida-item:WEA.Bullets,aida-property:hasName,"en:""aida-item:WEA.Bullets"""
aida-item:Contact.RequestAdvise.Broadcast,aida-property:hasName,"en:""aida-item:Contact.RequestAdvise.Broadcast"""
aida-item:COM.Document.Map,aida-property:hasName,"en:""aida-item:COM.Document.Map"""
aida-item:PersonalSocial.Unspecified.Political,aida-property:hasName,"en:""aida-item:PersonalSocial.Unspecified.Political"""
aida-property:GeneralAffiliation.MemberOriginReligionEthnicity.Ethnicity_Ethnicity,aida-property:hasName,"en:""aida-property:GeneralAffiliation.MemberOriginReligionEthnicity.Ethnicity_Ethnicity"""
aida-property:GeneralAffiliation.Sponsorship_ActorOrEvent,aida-property:hasName,"en:""aida-property:GeneralAffiliation.Sponsorship_ActorOrEvent"""
aida-item:Transaction.Transaction.TransferControl,aida-property:hasName,"en:""aida-item:Transaction.Transaction.TransferControl"""
aida-entity:b993cba5-67e3-4e8e-b843-0f8103af98a0,aida-property:hasName,"en:""commander"""
aida-property:Measurement.Size.Percentage_Measurement,aida-property:hasName,"en:""aida-property:Measurement.Size.Percentage_Measurement"""
aida-item:Contact.ThreatenCoerce.Meet,aida-property:hasName,"en:""aida-item:Contact.ThreatenCoerce.Meet"""
aida-item:VEH.Watercraft.Yacht,aida-property:hasName,"en:""aida-item:VEH.Watercraft.Yacht"""
aida-item:Contact.Collaborate.Meet,aida-property:hasName,"en:""aida-item:Contact.Collaborate.Meet"""
aida-property:GeneralAffiliation.ArtifactPoliticalOrganizationReligiousAffiliation.OwnershipPossession_Owner,aida-property:hasName,"en:""aida-property:GeneralAffiliation.ArtifactPoliticalOrganizationReligiousAffiliation.OwnershipPossession_Owner"""
aida-item:LOC.Land.Continent,aida-property:hasName,"en:""aida-item:LOC.Land.Continent"""
aida-item:ORG.CommercialOrganization.BroadcastingCompany,aida-property:hasName,"en:""aida-item:ORG.CommercialOrganization.BroadcastingCompany"""
aida-item:ORG.PoliticalOrganization.Party,aida-property:hasName,"en:""aida-item:ORG.PoliticalOrganization.Party"""
aida-item:WEA,aida-property:hasName,"en:""aida-item:WEA"""
aida-entity:cab521fd-369e-40e9-ba8d-a97cc7c723b9,aida-property:hasName,"en:""Putin"""
aida-property:GeneralAffiliation.ArtifactPoliticalOrganizationReligiousAffiliation.ControlTerritory_Territory,aida-property:hasName,"en:""aida-property:GeneralAffiliation.ArtifactPoliticalOrganizationReligiousAffiliation.ControlTerritory_Territory"""
aida-property:OrganizationAffiliation.Leadership.MilitaryPolice_Leader,aida-property:hasName,"en:""aida-property:OrganizationAffiliation.Leadership.MilitaryPolice_Leader"""
aida-item:PER.ProfessionalPosition.Spokesperson,aida-property:hasName,"en:""aida-item:PER.ProfessionalPosition.Spokesperson"""
aida-item:WEA.MissileSystem.Missile,aida-property:hasName,"en:""aida-item:WEA.MissileSystem.Missile"""
aida-property:PersonalSocial.Role_Person,aida-property:hasName,"en:""aida-property:PersonalSocial.Role_Person"""
aida-item:GeneralAffiliation.Sponsorship.Affiliated,aida-property:hasName,"en:""aida-item:GeneralAffiliation.Sponsorship.Affiliated"""
aida-item:OrganizationAffiliation.EmploymentMembership.Membership,aida-property:hasName,"en:""aida-item:OrganizationAffiliation.EmploymentMembership.Membership"""
aida-item:Life.Die.DeathCausedByViolentEvents,aida-property:hasName,"en:""aida-item:Life.Die.DeathCausedByViolentEvents"""
aida-item:Inspection.SensoryObserve.MonitorElection,aida-property:hasName,"en:""aida-item:Inspection.SensoryObserve.MonitorElection"""
aida-item:BAL.BallotSlate.BallotSlate,aida-property:hasName,"en:""aida-item:BAL.BallotSlate.BallotSlate"""
aida-entity:42fe32a7-57a6-499e-9043-d45cf4522f76,aida-property:hasName,"en:""National Guard"""
aida-item:Transaction.Transaction,aida-property:hasName,"en:""aida-item:Transaction.Transaction"""
aida-item:Personnel.EndPosition.FiringLayoff,aida-property:hasName,"en:""aida-item:Personnel.EndPosition.FiringLayoff"""
aida-item:VEH.MilitaryVehicle.FighterAircraft,aida-property:hasName,"en:""aida-item:VEH.MilitaryVehicle.FighterAircraft"""
aida-property:GeneralAffiliation.ArtifactPoliticalOrganizationReligiousAffiliation_Artifact,aida-property:hasName,"en:""aida-property:GeneralAffiliation.ArtifactPoliticalOrganizationReligiousAffiliation_Artifact"""
aida-property:Physical.OrganizationHeadquarters.OrganizationHeadquarters_Organization,aida-property:hasName,"en:""aida-property:Physical.OrganizationHeadquarters.OrganizationHeadquarters_Organization"""
aida-item:MON,aida-property:hasName,"en:""aida-item:MON"""
aida-item:Movement.TransportPerson.SelfMotion,aida-property:hasName,"en:""aida-item:Movement.TransportPerson.SelfMotion"""
aida-item:Government.Agreements.AcceptAgreementContractCeasefire,aida-property:hasName,"en:""aida-item:Government.Agreements.AcceptAgreementContractCeasefire"""
aida-item:Movement.TransportPerson.BringCarryUnload,aida-property:hasName,"en:""aida-item:Movement.TransportPerson.BringCarryUnload"""
aida-item:WEA.Bullets.LiveRounds,aida-property:hasName,"en:""aida-item:WEA.Bullets.LiveRounds"""
aida-item:Measurement.Size.Percentage,aida-property:hasName,"en:""aida-item:Measurement.Size.Percentage"""
aida-item:ORG.Government.ProsecutorOffice,aida-property:hasName,"en:""aida-item:ORG.Government.ProsecutorOffice"""
aida-entity:d93aa0ec-a038-47c6-9983-334903ee39a8,aida-property:hasName,"en:""Abbott"""
aida-entity:f4cfc546-ff27-4df0-b19b-71dbdbc93a29,aida-property:linkTarget,LDC2019E43:30004989
aida-item:CRM.PoliticalCrime,aida-property:hasName,"en:""aida-item:CRM.PoliticalCrime"""
aida-item:Life.Injure.InjuryCausedByViolentEvents,aida-property:hasName,"en:""aida-item:Life.Injure.InjuryCausedByViolentEvents"""
aida-item:ORG.MilitaryOrganization.NonGovernmentMilitia,aida-property:hasName,"en:""aida-item:ORG.MilitaryOrganization.NonGovernmentMilitia"""
aida-item:VEH.MilitaryVehicle.MilitaryBoat,aida-property:hasName,"en:""aida-item:VEH.MilitaryVehicle.MilitaryBoat"""
aida-item:Movement.TransportArtifact.ReceiveImport,aida-property:hasName,"en:""aida-item:Movement.TransportArtifact.ReceiveImport"""
aida-item:WEA.ThrownProjectile.Rock,aida-property:hasName,"en:""aida-item:WEA.ThrownProjectile.Rock"""
aida-item:Contact.RequestAdvise.Meet,aida-property:hasName,"en:""aida-item:Contact.RequestAdvise.Meet"""
aida-item:COM.Equipment,aida-property:hasName,"en:""aida-item:COM.Equipment"""
aida-item:Movement.TransportArtifact,aida-property:hasName,"en:""aida-item:Movement.TransportArtifact"""
aida-item:Contact.Discussion.Correspondence,aida-property:hasName,"en:""aida-item:Contact.Discussion.Correspondence"""
aida-item:WEA.Cannon.Cannon,aida-property:hasName,"en:""aida-item:WEA.Cannon.Cannon"""
aida-item:Contact.CommandOrder.Correspondence,aida-property:hasName,"en:""aida-item:Contact.CommandOrder.Correspondence"""
aida-item:FAC.Way.Highway,aida-property:hasName,"en:""aida-item:FAC.Way.Highway"""
aida-item:Justice.InitiateJudicialProcess.ChargeIndict,aida-property:hasName,"en:""aida-item:Justice.InitiateJudicialProcess.ChargeIndict"""
aida-item:ORG.PoliticalOrganization,aida-property:hasName,"en:""aida-item:ORG.PoliticalOrganization"""
aida-property:Evaluate.Legitimacy.Legitimate_Holder,aida-property:hasName,"en:""aida-property:Evaluate.Legitimacy.Legitimate_Holder"""
aida-entity:d93aa0ec-a038-47c6-9983-334903ee39a8,aida-property:hasName,"en:""Tony Abbott"""
aida-item:Conflict.Attack.AirstrikeMissileStrike,aida-property:hasName,"en:""aida-item:Conflict.Attack.AirstrikeMissileStrike"""
aida-entity:5aa209ed-0b29-42c9-99f6-bb7f451b418e,aida-property:hasName,"en:""Crimea"""
aida-item:Manufacture.Artifact.CreateManufacture,aida-property:hasName,"en:""aida-item:Manufacture.Artifact.CreateManufacture"""
aida-property:GeneralAffiliation.Sponsorship.HelpSupport_ActorOrEvent,aida-property:hasName,"en:""aida-property:GeneralAffiliation.Sponsorship.HelpSupport_ActorOrEvent"""
aida-item:Transaction.TransferOwnership.GiftGrantProvideAid,aida-property:hasName,"en:""aida-item:Transaction.TransferOwnership.GiftGrantProvideAid"""
aida-entity:ba5bd100-3c53-45bb-8c1e-81d7827e948d,aida-property:hasName,"en:""Black Sea"""
aida-property:PartWhole.Subsidiary_Parent,aida-property:hasName,"en:""aida-property:PartWhole.Subsidiary_Parent"""
aida-item:FAC.Building.House,aida-property:hasName,"en:""aida-item:FAC.Building.House"""
aida-entity:de116796-d44b-4a1a-8491-4dcced8e8a9f,aida-property:linkTarget,LDC2019E43:3059902
aida-property:OrganizationAffiliation.Founder.Founder_Founder,aida-property:hasName,"en:""aida-property:OrganizationAffiliation.Founder.Founder_Founder"""
aida-item:Life.Die.NonviolentDeath,aida-property:hasName,"en:""aida-item:Life.Die.NonviolentDeath"""
aida-item:ORG.CriminalOrganization.CriminalOrganization,aida-property:hasName,"en:""aida-item:ORG.CriminalOrganization.CriminalOrganization"""
aida-entity:e8d98762-d520-49ed-8de4-5b208d2e3fc9,aida-property:linkTarget,LDC2019E43:703883
aida-property:ResponsibilityBlame.AssignBlame.AssignBlame_Event,aida-property:hasName,"en:""aida-property:ResponsibilityBlame.AssignBlame.AssignBlame_Event"""
aida-item:Government.Agreements,aida-property:hasName,"en:""aida-item:Government.Agreements"""
aida-entity:4fba8ada-3361-459c-a37f-a0ccc4624ac5,aida-property:linkTarget,LDC2019E43:3796638
aida-item:GPE,aida-property:hasName,"en:""aida-item:GPE"""
aida-property:PersonalSocial.Role.ProfessionalRole_JobRole,aida-property:hasName,"en:""aida-property:PersonalSocial.Role.ProfessionalRole_JobRole"""
aida-property:Evaluate.Deliberateness.Deliberate_Holder,aida-property:hasName,"en:""aida-property:Evaluate.Deliberateness.Deliberate_Holder"""
aida-item:PER.ProfessionalPosition.Paramedic,aida-property:hasName,"en:""aida-item:PER.ProfessionalPosition.Paramedic"""
aida-entity:e45a2f47-4a27-4bfe-8a09-221d2216cd7f,aida-property:linkTarget,LDC2019E43:565348
aida-item:MON.Cash.Cash,aida-property:hasName,"en:""aida-item:MON.Cash.Cash"""
aida-item:PER.Police,aida-property:hasName,"en:""aida-item:PER.Police"""
aida-item:PER.ProfessionalPosition.Minister,aida-property:hasName,"en:""aida-item:PER.ProfessionalPosition.Minister"""
aida-entity:1adf20cf-9ade-467e-82a3-f4583a7b5c19,aida-property:linkTarget,LDC2019E43:2174003
aida-item:PER.Politician.HeadOfGovernment,aida-property:hasName,"en:""aida-item:PER.Politician.HeadOfGovernment"""
aida-item:Transaction.TransferMoney.EmbargoSanction,aida-property:hasName,"en:""aida-item:Transaction.TransferMoney.EmbargoSanction"""
aida-item:PersonalSocial.Role.ProfessionalRole,aida-property:hasName,"en:""aida-item:PersonalSocial.Role.ProfessionalRole"""
aida-item:Measurement.Size.Count,aida-property:hasName,"en:""aida-item:Measurement.Size.Count"""
aida-item:FAC.Structure.Barricade,aida-property:hasName,"en:""aida-item:FAC.Structure.Barricade"""
aida-item:PER.ProfessionalPosition.Firefighter,aida-property:hasName,"en:""aida-item:PER.ProfessionalPosition.Firefighter"""
aida-item:WEA.Gas.TearGas,aida-property:hasName,"en:""aida-item:WEA.Gas.TearGas"""
aida-item:Movement.TransportPerson.GrantEntryAsylum,aida-property:hasName,"en:""aida-item:Movement.TransportPerson.GrantEntryAsylum"""
aida-property:PartWhole.Subsidiary_Subsidiary,aida-property:hasName,"en:""aida-property:PartWhole.Subsidiary_Subsidiary"""
aida-item:GeneralAffiliation.ArtifactPoliticalOrganizationReligiousAffiliation.NationalityCitizen,aida-property:hasName,"en:""aida-item:GeneralAffiliation.ArtifactPoliticalOrganizationReligiousAffiliation.NationalityCitizen"""
aida-item:LOC.Position.AirSpace,aida-property:hasName,"en:""aida-item:LOC.Position.AirSpace"""
aida-item:CRM.BehaviorCrime,aida-property:hasName,"en:""aida-item:CRM.BehaviorCrime"""
aida-item:ORG.Association.Club,aida-property:hasName,"en:""aida-item:ORG.Association.Club"""
aida-item:OrganizationAffiliation.Leadership,aida-property:hasName,"en:""aida-item:OrganizationAffiliation.Leadership"""
aida-item:Justice.InitiateJudicialProcess.TrialHearing,aida-property:hasName,"en:""aida-item:Justice.InitiateJudicialProcess.TrialHearing"""
aida-item:Contact.Prevarication,aida-property:hasName,"en:""aida-item:Contact.Prevarication"""
aida-item:Transaction.TransferOwnership.Purchase,aida-property:hasName,"en:""aida-item:Transaction.TransferOwnership.Purchase"""
aida-item:FAC.Building,aida-property:hasName,"en:""aida-item:FAC.Building"""
aida-item:LOC.GeographicPoint,aida-property:hasName,"en:""aida-item:LOC.GeographicPoint"""
aida-item:GeneralAffiliation.Sponsorship.HelpSupport,aida-property:hasName,"en:""aida-item:GeneralAffiliation.Sponsorship.HelpSupport"""
aida-item:CRM,aida-property:hasName,"en:""aida-item:CRM"""
aida-item:Movement.TransportPerson.Fall,aida-property:hasName,"en:""aida-item:Movement.TransportPerson.Fall"""
aida-item:ORG.CommercialOrganization,aida-property:hasName,"en:""aida-item:ORG.CommercialOrganization"""
aida-item:CRM.ViolentCrime.Terrorism,aida-property:hasName,"en:""aida-item:CRM.ViolentCrime.Terrorism"""
aida-item:GeneralAffiliation.MemberOriginReligionEthnicity.Ethnicity,aida-property:hasName,"en:""aida-item:GeneralAffiliation.MemberOriginReligionEthnicity.Ethnicity"""
aida-item:Transaction.TransferMoney.GiftGrantProvideAid,aida-property:hasName,"en:""aida-item:Transaction.TransferMoney.GiftGrantProvideAid"""
aida-property:OrganizationAffiliation.Leadership.HeadOfState_Country,aida-property:hasName,"en:""aida-property:OrganizationAffiliation.Leadership.HeadOfState_Country"""
aida-item:Contact.FuneralVigil.Meet,aida-property:hasName,"en:""aida-item:Contact.FuneralVigil.Meet"""
aida-property:OrganizationAffiliation.Leadership.Government_Leader,aida-property:hasName,"en:""aida-property:OrganizationAffiliation.Leadership.Government_Leader"""
aida-item:GPE.UrbanArea.City,aida-property:hasName,"en:""aida-item:GPE.UrbanArea.City"""
aida-entity:d48106d9-91c7-4d10-a4dc-7d82d735a925,aida-property:linkTarget,LDC2019E43:703448
aida-item:Transaction.TransferOwnership.EmbargoSanction,aida-property:hasName,"en:""aida-item:Transaction.TransferOwnership.EmbargoSanction"""
aida-item:ArtifactExistence.DamageDestroy,aida-property:hasName,"en:""aida-item:ArtifactExistence.DamageDestroy"""
aida-item:Movement.TransportPerson,aida-property:hasName,"en:""aida-item:Movement.TransportPerson"""
aida-item:WEA.MissileSystem.AntiAircraftMissle,aida-property:hasName,"en:""aida-item:WEA.MissileSystem.AntiAircraftMissle"""
aida-entity:5aa209ed-0b29-42c9-99f6-bb7f451b418e,aida-property:linkTarget,LDC2019E43:703884
aida-property:PersonalSocial.Role.TitleFormOfAddress_Person,aida-property:hasName,"en:""aida-property:PersonalSocial.Role.TitleFormOfAddress_Person"""
aida-property:Measurement.Size.Weight_Measurement,aida-property:hasName,"en:""aida-property:Measurement.Size.Weight_Measurement"""
aida-property:Measurement.Size_EntityOrFiller,aida-property:hasName,"en:""aida-property:Measurement.Size_EntityOrFiller"""
aida-item:Transaction.TransferOwnership,aida-property:hasName,"en:""aida-item:Transaction.TransferOwnership"""
aida-property:Measurement.Size.Weight_EntityOrFiller,aida-property:hasName,"en:""aida-property:Measurement.Size.Weight_EntityOrFiller"""
aida-property:GeneralAffiliation.MemberOriginReligionEthnicity.Ethnicity_Person,aida-property:hasName,"en:""aida-property:GeneralAffiliation.MemberOriginReligionEthnicity.Ethnicity_Person"""
aida-property:Physical.LocatedNear.Surround_EntityOrFiller,aida-property:hasName,"en:""aida-property:Physical.LocatedNear.Surround_EntityOrFiller"""
aida-item:PER.Protester.ProtestLeader,aida-property:hasName,"en:""aida-item:PER.Protester.ProtestLeader"""
aida-item:WEA.MissileSystem,aida-property:hasName,"en:""aida-item:WEA.MissileSystem"""
aida-item:VEH.Aircraft.CargoAircraft,aida-property:hasName,"en:""aida-item:VEH.Aircraft.CargoAircraft"""
aida-item:Contact.CommitmentPromiseExpressIntent.Meet,aida-property:hasName,"en:""aida-item:Contact.CommitmentPromiseExpressIntent.Meet"""
aida-item:VEH.WheeledVehicle.Car,aida-property:hasName,"en:""aida-item:VEH.WheeledVehicle.Car"""
aida-property:Physical.Resident.Resident_Place,aida-property:hasName,"en:""aida-property:Physical.Resident.Resident_Place"""
aida-item:ORG.International,aida-property:hasName,"en:""aida-item:ORG.International"""
aida-property:OrganizationAffiliation.Leadership.MilitaryPolice_MilitaryPoliceORG,aida-property:hasName,"en:""aida-property:OrganizationAffiliation.Leadership.MilitaryPolice_MilitaryPoliceORG"""
aida-item:LOC,aida-property:hasName,"en:""aida-item:LOC"""
aida-item:FAC.Building.StoreShop,aida-property:hasName,"en:""aida-item:FAC.Building.StoreShop"""
aida-item:VEH.WheeledVehicle.FireApparatus,aida-property:hasName,"en:""aida-item:VEH.WheeledVehicle.FireApparatus"""
aida-item:FAC.GeographicalArea,aida-property:hasName,"en:""aida-item:FAC.GeographicalArea"""
aida-property:PartWhole.Subsidiary.OrganizationSubsidiary_Parent,aida-property:hasName,"en:""aida-property:PartWhole.Subsidiary.OrganizationSubsidiary_Parent"""
aida-item:Contact.Collaborate.Correspondence,aida-property:hasName,"en:""aida-item:Contact.Collaborate.Correspondence"""
aida-item:Conflict.Attack.Bombing,aida-property:hasName,"en:""aida-item:Conflict.Attack.Bombing"""
aida-item:WEA.Gun.Artillery,aida-property:hasName,"en:""aida-item:WEA.Gun.Artillery"""
aida-entity:ba5bd100-3c53-45bb-8c1e-81d7827e948d,aida-property:linkTarget,LDC2019E43:630673
aida-property-type:DateTime,aida-property:hasName,"en:""aida-property-type:DateTime"""
aida-item:BAL.PaperBallot.PaperBallot,aida-property:hasName,"en:""aida-item:BAL.PaperBallot.PaperBallot"""
aida-item:RES,aida-property:hasName,"en:""aida-item:RES"""
aida-item:Contact.CommandOrder.Meet,aida-property:hasName,"en:""aida-item:Contact.CommandOrder.Meet"""
aida-entity:cab521fd-369e-40e9-ba8d-a97cc7c723b9,aida-property:linkTarget,LDC2019E43:30003842
aida-item:Movement.TransportPerson.Hide,aida-property:hasName,"en:""aida-item:Movement.TransportPerson.Hide"""
aida-item:Conflict.Attack,aida-property:hasName,"en:""aida-item:Conflict.Attack"""
aida-item:Justice.Investigate.InvestigateCrime,aida-property:hasName,"en:""aida-item:Justice.Investigate.InvestigateCrime"""
aida-item:Justice.JudicialConsequences.Extradite,aida-property:hasName,"en:""aida-item:Justice.JudicialConsequences.Extradite"""
aida-item:Conflict.Yield.Surrender,aida-property:hasName,"en:""aida-item:Conflict.Yield.Surrender"""
aida-item:Contact.CommandOrder.Broadcast,aida-property:hasName,"en:""aida-item:Contact.CommandOrder.Broadcast"""
aida-property:GeneralAffiliation.Sponsorship.AdvisePlanOrganize_ActorOrEvent,aida-property:hasName,"en:""aida-property:GeneralAffiliation.Sponsorship.AdvisePlanOrganize_ActorOrEvent"""
aida-item:Personnel.StartPosition,aida-property:hasName,"en:""aida-item:Personnel.StartPosition"""
aida-item:Movement.TransportPerson.PreventEntry,aida-property:hasName,"en:""aida-item:Movement.TransportPerson.PreventEntry"""
aida-item:WEA.Club,aida-property:hasName,"en:""aida-item:WEA.Club"""
aida-item:PersonalSocial.Role.TitleFormOfAddress,aida-property:hasName,"en:""aida-item:PersonalSocial.Role.TitleFormOfAddress"""
aida-item:Contact.Discussion,aida-property:hasName,"en:""aida-item:Contact.Discussion"""
aida-item:Contact.MediaStatement.Broadcast,aida-property:hasName,"en:""aida-item:Contact.MediaStatement.Broadcast"""
aida-item:COM.Equipment.HumanitarianAid,aida-property:hasName,"en:""aida-item:COM.Equipment.HumanitarianAid"""
aida-item:VEH.MilitaryVehicle.MilitaryTransportAircraft,aida-property:hasName,"en:""aida-item:VEH.MilitaryVehicle.MilitaryTransportAircraft"""
aida-item:WEA.DaggerKnifeSword.Hatchet,aida-property:hasName,"en:""aida-item:WEA.DaggerKnifeSword.Hatchet"""
aida-item:Conflict.Yield.Retreat,aida-property:hasName,"en:""aida-item:Conflict.Yield.Retreat"""
aida-item:Government.Vote.ViolationsPreventVote,aida-property:hasName,"en:""aida-item:Government.Vote.ViolationsPreventVote"""
aida-item:PER.Fan,aida-property:hasName,"en:""aida-item:PER.Fan"""
aida-item:Conflict.Attack.FirearmAttack,aida-property:hasName,"en:""aida-item:Conflict.Attack.FirearmAttack"""
aida-item:Movement.TransportArtifact.SmuggleExtract,aida-property:hasName,"en:""aida-item:Movement.TransportArtifact.SmuggleExtract"""
aida-property:Measurement.Size.HeightLengthWidth_Measurement,aida-property:hasName,"en:""aida-property:Measurement.Size.HeightLengthWidth_Measurement"""
aida-entity:9789ff8a-7d0a-45cc-9b2a-9a7465182d09,aida-property:hasName,"en:""Malaysia Airlines"""
aida-item:PER.ProfessionalPosition.Ambassador,aida-property:hasName,"en:""aida-item:PER.ProfessionalPosition.Ambassador"""
aida-item:LAW.Referendum.Referendum,aida-property:hasName,"en:""aida-item:LAW.Referendum.Referendum"""
aida-entity:e8d98762-d520-49ed-8de4-5b208d2e3fc9,aida-property:hasName,"en:""Ukraine"""
aida-item:Justice.InitiateJudicialProcess,aida-property:hasName,"en:""aida-item:Justice.InitiateJudicialProcess"""
aida-item:MON.Assets.Assets,aida-property:hasName,"en:""aida-item:MON.Assets.Assets"""
aida-item:Measurement.Size.Weight,aida-property:hasName,"en:""aida-item:Measurement.Size.Weight"""
aida-item:Contact.ThreatenCoerce,aida-property:hasName,"en:""aida-item:Contact.ThreatenCoerce"""
aida-item:VEH.Watercraft,aida-property:hasName,"en:""aida-item:VEH.Watercraft"""
aida-item:SID.Ideological.Ideological,aida-property:hasName,"en:""aida-item:SID.Ideological.Ideological"""
aida-property:OrganizationAffiliation.EmploymentMembership.Employment_PlaceOfEmployment,aida-property:hasName,"en:""aida-property:OrganizationAffiliation.EmploymentMembership.Employment_PlaceOfEmployment"""
aida-property:GeneralAffiliation.OrganizationPoliticalReligiousAffiliation.NationalityCitizen_Nationality,aida-property:hasName,"en:""aida-property:GeneralAffiliation.OrganizationPoliticalReligiousAffiliation.NationalityCitizen_Nationality"""
aida-item:Movement.TransportPerson.SmuggleExtract,aida-property:hasName,"en:""aida-item:Movement.TransportPerson.SmuggleExtract"""
aida-property:GeneralAffiliation.Sponsorship.AdvisePlanOrganize_Sponsor,aida-property:hasName,"en:""aida-property:GeneralAffiliation.Sponsorship.AdvisePlanOrganize_Sponsor"""
aida-item:Movement.TransportArtifact.Fall,aida-property:hasName,"en:""aida-item:Movement.TransportArtifact.Fall"""
aida-item:Government.Vote.CastVote,aida-property:hasName,"en:""aida-item:Government.Vote.CastVote"""
aida-item:LOC.Position.Neighborhood,aida-property:hasName,"en:""aida-item:LOC.Position.Neighborhood"""
aida-item:FAC.Building.ApartmentBuilding,aida-property:hasName,"en:""aida-item:FAC.Building.ApartmentBuilding"""
aida-item:Contact.RequestAdvise.Correspondence,aida-property:hasName,"en:""aida-item:Contact.RequestAdvise.Correspondence"""
aida-item:GeneralAffiliation.ArtifactPoliticalOrganizationReligiousAffiliation,aida-property:hasName,"en:""aida-item:GeneralAffiliation.ArtifactPoliticalOrganizationReligiousAffiliation"""
aida-item:WEA.Gun,aida-property:hasName,"en:""aida-item:WEA.Gun"""
aida-item:WEA.Gun.Firearm,aida-property:hasName,"en:""aida-item:WEA.Gun.Firearm"""
aida-item:GeneralAffiliation.MemberOriginReligionEthnicity,aida-property:hasName,"en:""aida-item:GeneralAffiliation.MemberOriginReligionEthnicity"""
aida-item:LOC.Position.CrimeScene,aida-property:hasName,"en:""aida-item:LOC.Position.CrimeScene"""
aida-entity:de116796-d44b-4a1a-8491-4dcced8e8a9f,aida-property:linkTarget,LDC2019E43:708230
aida-entity:cab521fd-369e-40e9-ba8d-a97cc7c723b9,aida-property:hasName,"en:""President"""
aida-property:GeneralAffiliation.ArtifactPoliticalOrganizationReligiousAffiliation_EntityOrFiller,aida-property:hasName,"en:""aida-property:GeneralAffiliation.ArtifactPoliticalOrganizationReligiousAffiliation_EntityOrFiller"""
aida-item:GPE.OrganizationOfCountries.OrganizationOfCountries,aida-property:hasName,"en:""aida-item:GPE.OrganizationOfCountries.OrganizationOfCountries"""
aida-item:ORG.CommercialOrganization.Corporation,aida-property:hasName,"en:""aida-item:ORG.CommercialOrganization.Corporation"""
aida-property:GeneralAffiliation.MemberOriginReligionEthnicity.NationalityCitizen_Nationality,aida-property:hasName,"en:""aida-property:GeneralAffiliation.MemberOriginReligionEthnicity.NationalityCitizen_Nationality"""
aida-item:Transaction.TransferMoney.BorrowLend,aida-property:hasName,"en:""aida-item:Transaction.TransferMoney.BorrowLend"""
aida-item:CRM.PoliticalCrime.PoliceMisconduct,aida-property:hasName,"en:""aida-item:CRM.PoliticalCrime.PoliceMisconduct"""
aida-item:Contact.Negotiate,aida-property:hasName,"en:""aida-item:Contact.Negotiate"""
aida-property:Evaluate.Sentiment.Positive_SentimentTarget,aida-property:hasName,"en:""aida-property:Evaluate.Sentiment.Positive_SentimentTarget"""
aida-item:ORG.Government.Agency,aida-property:hasName,"en:""aida-item:ORG.Government.Agency"""
aida-item:Movement.TransportArtifact.GrantEntry,aida-property:hasName,"en:""aida-item:Movement.TransportArtifact.GrantEntry"""
aida-property:Information.Make.Make_EntityOrFiller,aida-property:hasName,"en:""aida-property:Information.Make.Make_EntityOrFiller"""
aida-entity:d48106d9-91c7-4d10-a4dc-7d82d735a925,aida-property:linkTarget,LDC2019E43:703447
aida-item:Conflict.Attack.SetFire,aida-property:hasName,"en:""aida-item:Conflict.Attack.SetFire"""
aida-entity:5aa209ed-0b29-42c9-99f6-bb7f451b418e,aida-property:linkTarget,LDC2019E43:4321187
aida-item:LAW,aida-property:hasName,"en:""aida-item:LAW"""
aida-entity:d48106d9-91c7-4d10-a4dc-7d82d735a925,aida-property:hasName,"en:""Kyiv"""
aida-item:Government.Formation.MergeGPE,aida-property:hasName,"en:""aida-item:Government.Formation.MergeGPE"""
aida-property:GeneralAffiliation.MemberOriginReligionEthnicity.NationalityCitizen_Citizen,aida-property:hasName,"en:""aida-property:GeneralAffiliation.MemberOriginReligionEthnicity.NationalityCitizen_Citizen"""
aida-item:PER.Combatant,aida-property:hasName,"en:""aida-item:PER.Combatant"""
aida-property:GeneralAffiliation.OrganizationPoliticalReligiousAffiliation_EntityOrFiller,aida-property:hasName,"en:""aida-property:GeneralAffiliation.OrganizationPoliticalReligiousAffiliation_EntityOrFiller"""
aida-item:WEA.GrenadeLauncher.GrenadeLauncher,aida-property:hasName,"en:""aida-item:WEA.GrenadeLauncher.GrenadeLauncher"""
aida-item:Personnel.StartPosition.Hiring,aida-property:hasName,"en:""aida-item:Personnel.StartPosition.Hiring"""
aida-property:PartWhole.Subsidiary.NationalityCitizen_Subsidiary,aida-property:hasName,"en:""aida-property:PartWhole.Subsidiary.NationalityCitizen_Subsidiary"""
aida-item:COM.Equipment.MilitaryEquipment,aida-property:hasName,"en:""aida-item:COM.Equipment.MilitaryEquipment"""
aida-entity:1adf20cf-9ade-467e-82a3-f4583a7b5c19,aida-property:linkTarget,LDC2019E43:5330810
aida-item:PartWhole.Subsidiary,aida-property:hasName,"en:""aida-item:PartWhole.Subsidiary"""
aida-item:Contact.PublicStatementInPerson,aida-property:hasName,"en:""aida-item:Contact.PublicStatementInPerson"""
aida-item:Movement.TransportPerson.PreventExit,aida-property:hasName,"en:""aida-item:Movement.TransportPerson.PreventExit"""
aida-property:Information.Color.Color_Color,aida-property:hasName,"en:""aida-property:Information.Color.Color_Color"""
aida-entity:42fe32a7-57a6-499e-9043-d45cf4522f76,aida-property:hasName,"en:""the National Guard"""
aida-item:OrganizationAffiliation.Leadership.HeadOfState,aida-property:hasName,"en:""aida-item:OrganizationAffiliation.Leadership.HeadOfState"""
aida-item:SID,aida-property:hasName,"en:""aida-item:SID"""
aida-item:FAC.Building.School,aida-property:hasName,"en:""aida-item:FAC.Building.School"""
aida-property:Physical.Resident.Resident_Resident,aida-property:hasName,"en:""aida-property:Physical.Resident.Resident_Resident"""
aida-item:Conflict.Attack.Hanging,aida-property:hasName,"en:""aida-item:Conflict.Attack.Hanging"""
aida-entity:f4cfc546-ff27-4df0-b19b-71dbdbc93a29,aida-property:hasName,"en:""Poroshenko"""
aida-item:PER.Protester,aida-property:hasName,"en:""aida-item:PER.Protester"""
aida-property:GeneralAffiliation.MemberOriginReligionEthnicity_Person,aida-property:hasName,"en:""aida-property:GeneralAffiliation.MemberOriginReligionEthnicity_Person"""
aida-item:PER.MilitaryPersonnel.MilitaryOfficer,aida-property:hasName,"en:""aida-item:PER.MilitaryPersonnel.MilitaryOfficer"""
aida-property:Evaluate.Sentiment.Negative_Holder,aida-property:hasName,"en:""aida-property:Evaluate.Sentiment.Negative_Holder"""
aida-item:FAC.Way,aida-property:hasName,"en:""aida-item:FAC.Way"""
aida-item:WEA.Gas,aida-property:hasName,"en:""aida-item:WEA.Gas"""
aida-item:Conflict.Attack.Stabbing,aida-property:hasName,"en:""aida-item:Conflict.Attack.Stabbing"""
aida-item:ORG.Government.Council,aida-property:hasName,"en:""aida-item:ORG.Government.Council"""
aida-item:Contact.ThreatenCoerce.Broadcast,aida-property:hasName,"en:""aida-item:Contact.ThreatenCoerce.Broadcast"""
aida-item:Conflict.Attack.StealRobHijack,aida-property:hasName,"en:""aida-item:Conflict.Attack.StealRobHijack"""
aida-property:Evaluate.Legitimacy.Illegitimate_Event,aida-property:hasName,"en:""aida-property:Evaluate.Legitimacy.Illegitimate_Event"""
aida-entity:ba5bd100-3c53-45bb-8c1e-81d7827e948d,aida-property:linkTarget,LDC2019E43:10922499
aida-item:Transaction.TransferMoney.PayForService,aida-property:hasName,"en:""aida-item:Transaction.TransferMoney.PayForService"""
aida-item:PER.Combatant.Mercenary,aida-property:hasName,"en:""aida-item:PER.Combatant.Mercenary"""
aida-property:Evaluate.Legitimacy.Legitimate_Event,aida-property:hasName,"en:""aida-property:Evaluate.Legitimacy.Legitimate_Event"""
aida-item:SID.Cultural.Cultural,aida-property:hasName,"en:""aida-item:SID.Cultural.Cultural"""
aida-property:GeneralAffiliation.Sponsorship.Affiliated_ActorOrEvent,aida-property:hasName,"en:""aida-property:GeneralAffiliation.Sponsorship.Affiliated_ActorOrEvent"""
aida-item:COM.Equipment.MedicalEquipment,aida-property:hasName,"en:""aida-item:COM.Equipment.MedicalEquipment"""
aida-item:Movement.TransportArtifact.Hide,aida-property:hasName,"en:""aida-item:Movement.TransportArtifact.Hide"""
aida-item:ORG.MilitaryOrganization.Intelligence,aida-property:hasName,"en:""aida-item:ORG.MilitaryOrganization.Intelligence"""
aida-item:Government.Agreements.RejectNullifyAgreementContractCeasefire,aida-property:hasName,"en:""aida-item:Government.Agreements.RejectNullifyAgreementContractCeasefire"""
aida-item:ORG.Government.Railway,aida-property:hasName,"en:""aida-item:ORG.Government.Railway"""
aida-item:GeneralAffiliation.OrganizationPoliticalReligiousAffiliation.NationalityCitizen,aida-property:hasName,"en:""aida-item:GeneralAffiliation.OrganizationPoliticalReligiousAffiliation.NationalityCitizen"""
aida-item:LOC.Position,aida-property:hasName,"en:""aida-item:LOC.Position"""
aida-property:PersonalSocial.Role_Role,aida-property:hasName,"en:""aida-property:PersonalSocial.Role_Role"""
aida-item:WEA.DaggerKnifeSword,aida-property:hasName,"en:""aida-item:WEA.DaggerKnifeSword"""
aida-property:GeneralAffiliation.ArtifactPoliticalOrganizationReligiousAffiliation.ControlTerritory_Controller,aida-property:hasName,"en:""aida-property:GeneralAffiliation.ArtifactPoliticalOrganizationReligiousAffiliation.ControlTerritory_Controller"""
aida-item:COM.Equipment.Satellite,aida-property:hasName,"en:""aida-item:COM.Equipment.Satellite"""
aida-item:Movement.TransportArtifact.NonviolentThrowLaunch,aida-property:hasName,"en:""aida-item:Movement.TransportArtifact.NonviolentThrowLaunch"""
aida-item:LOC.Position.Region,aida-property:hasName,"en:""aida-item:LOC.Position.Region"""
aida-item:WEA.Club.Bat,aida-property:hasName,"en:""aida-item:WEA.Club.Bat"""
aida-property:Evaluate.Deliberateness.Deliberate_Event,aida-property:hasName,"en:""aida-property:Evaluate.Deliberateness.Deliberate_Event"""
aida-item:ORG,aida-property:hasName,"en:""aida-item:ORG"""
aida-item:VEH.Watercraft.Boat,aida-property:hasName,"en:""aida-item:VEH.Watercraft.Boat"""
aida-item:Manufacture.Artifact.Build,aida-property:hasName,"en:""aida-item:Manufacture.Artifact.Build"""
aida-item:Life.Injure.IllnessDegradationHungerThirst,aida-property:hasName,"en:""aida-item:Life.Injure.IllnessDegradationHungerThirst"""
aida-property-type:MonolingualText,aida-property:hasName,"en:""aida-property-type:MonolingualText"""
aida-item:ORG.Association,aida-property:hasName,"en:""aida-item:ORG.Association"""
aida-item:VEH,aida-property:hasName,"en:""aida-item:VEH"""
aida-item:Movement.TransportPerson.DisperseSeparate,aida-property:hasName,"en:""aida-item:Movement.TransportPerson.DisperseSeparate"""
aida-item:Life.Injure,aida-property:hasName,"en:""aida-item:Life.Injure"""
aida-property:OrganizationAffiliation.EmploymentMembership_EmployeeMember,aida-property:hasName,"en:""aida-property:OrganizationAffiliation.EmploymentMembership_EmployeeMember"""
aida-property:Measurement.Size.Percentage_EntityOrFiller,aida-property:hasName,"en:""aida-property:Measurement.Size.Percentage_EntityOrFiller"""
aida-item:VAL,aida-property:hasName,"en:""aida-item:VAL"""
aida-item:Transaction.TransferOwnership.BorrowLend,aida-property:hasName,"en:""aida-item:Transaction.TransferOwnership.BorrowLend"""
aida-item:PartWhole.Subsidiary.OrganizationSubsidiary,aida-property:hasName,"en:""aida-item:PartWhole.Subsidiary.OrganizationSubsidiary"""
aida-item:Physical.LocatedNear,aida-property:hasName,"en:""aida-item:Physical.LocatedNear"""
aida-entity:cab521fd-369e-40e9-ba8d-a97cc7c723b9,aida-property:hasName,"en:""Vladimir Putin"""
aida-item:CRM.FinancialCrime.Fraud,aida-property:hasName,"en:""aida-item:CRM.FinancialCrime.Fraud"""
aida-item:Conflict.Demonstrate.MarchProtestPoliticalGathering,aida-property:hasName,"en:""aida-item:Conflict.Demonstrate.MarchProtestPoliticalGathering"""
aida-item:WEA.Bomb.Grenade,aida-property:hasName,"en:""aida-item:WEA.Bomb.Grenade"""
aida-item:ArtifactExistence.DamageDestroy.Damage,aida-property:hasName,"en:""aida-item:ArtifactExistence.DamageDestroy.Damage"""
aida-item:VEH.WheeledVehicle.Train,aida-property:hasName,"en:""aida-item:VEH.WheeledVehicle.Train"""
aida-item:Movement.TransportArtifact.BringCarryUnload,aida-property:hasName,"en:""aida-item:Movement.TransportArtifact.BringCarryUnload"""
aida-item:CRM.BehaviorCrime.FailToAssist,aida-property:hasName,"en:""aida-item:CRM.BehaviorCrime.FailToAssist"""
aida-item:Conflict.Yield,aida-property:hasName,"en:""aida-item:Conflict.Yield"""
aida-item:CRM.FinancialCrime.Forgery,aida-property:hasName,"en:""aida-item:CRM.FinancialCrime.Forgery"""
aida-item:FAC.Installation,aida-property:hasName,"en:""aida-item:FAC.Installation"""
aida-item:Contact.Prevarication.Meet,aida-property:hasName,"en:""aida-item:Contact.Prevarication.Meet"""
aida-entity:f4cfc546-ff27-4df0-b19b-71dbdbc93a29,aida-property:hasName,"en:""Petro Poroshenko"""
aida-property:Evaluate.Sentiment.Negative_SentimentTarget,aida-property:hasName,"en:""aida-property:Evaluate.Sentiment.Negative_SentimentTarget"""
aida-item:OrganizationAffiliation.EmploymentMembership,aida-property:hasName,"en:""aida-item:OrganizationAffiliation.EmploymentMembership"""
aida-property:OrganizationAffiliation.EmploymentMembership_PlaceOfEmploymentMembership,aida-property:hasName,"en:""aida-property:OrganizationAffiliation.EmploymentMembership_PlaceOfEmploymentMembership"""
aida-item:Contact.CommandOrder,aida-property:hasName,"en:""aida-item:Contact.CommandOrder"""
aida-entity:5aa209ed-0b29-42c9-99f6-bb7f451b418e,aida-property:linkTarget,LDC2019E43:703883
aida-item:ORG.Association.Team,aida-property:hasName,"en:""aida-item:ORG.Association.Team"""
aida-property:ResponsibilityBlame.ClaimResponsibility.ClaimResponsibility_EntityResponsible,aida-property:hasName,"en:""aida-property:ResponsibilityBlame.ClaimResponsibility.ClaimResponsibility_EntityResponsible"""
aida-item:Conflict.Attack.BiologicalChemicalPoisonAttack,aida-property:hasName,"en:""aida-item:Conflict.Attack.BiologicalChemicalPoisonAttack"""
aida-item:CRM.FinancialCrime,aida-property:hasName,"en:""aida-item:CRM.FinancialCrime"""
aida-entity:1adf20cf-9ade-467e-82a3-f4583a7b5c19,aida-property:hasName,"en:""Brisbane"""
aida-property:Evaluate.Legitimacy.Illegitimate_Holder,aida-property:hasName,"en:""aida-property:Evaluate.Legitimacy.Illegitimate_Holder"""
aida-item:WEA.Gas.PoisonGas,aida-property:hasName,"en:""aida-item:WEA.Gas.PoisonGas"""
aida-property-type:URL,aida-property:hasName,"en:""aida-property-type:URL"""
aida-item:Transaction.TransferMoney,aida-property:hasName,"en:""aida-item:Transaction.TransferMoney"""
aida-property:ResponsibilityBlame.ClaimResponsibility.ClaimResponsibility_Event,aida-property:hasName,"en:""aida-property:ResponsibilityBlame.ClaimResponsibility.ClaimResponsibility_Event"""
aida-item:ORG.Government.LegislativeBody,aida-property:hasName,"en:""aida-item:ORG.Government.LegislativeBody"""
aida-property:PersonalSocial.Unspecified_Person,aida-property:hasName,"en:""aida-property:PersonalSocial.Unspecified_Person"""
aida-property:OrganizationAffiliation.EmploymentMembership.Membership_PlaceOfMembership,aida-property:hasName,"en:""aida-property:OrganizationAffiliation.EmploymentMembership.Membership_PlaceOfMembership"""
aida-item:LOC.GeographicPoint.Address,aida-property:hasName,"en:""aida-item:LOC.GeographicPoint.Address"""
aida-property:PersonalSocial.Role.ProfessionalRole_Person,aida-property:hasName,"en:""aida-property:PersonalSocial.Role.ProfessionalRole_Person"""
aida-item:COM.Document.PersonalIdentification,aida-property:hasName,"en:""aida-item:COM.Document.PersonalIdentification"""
aida-item:Contact.Collaborate,aida-property:hasName,"en:""aida-item:Contact.Collaborate"""
aida-item:GPE.ProvinceState.ProvinceState,aida-property:hasName,"en:""aida-item:GPE.ProvinceState.ProvinceState"""
aida-item:Conflict.Demonstrate,aida-property:hasName,"en:""aida-item:Conflict.Demonstrate"""
aida-property:GeneralAffiliation.Sponsorship.Affiliated_Sponsor,aida-property:hasName,"en:""aida-property:GeneralAffiliation.Sponsorship.Affiliated_Sponsor"""
aida-property-type:dataType,aida-property:hasName,"en:""aida-property-type:dataType"""
aida-item:Conflict.Attack.SelfDirectedBattle,aida-property:hasName,"en:""aida-item:Conflict.Attack.SelfDirectedBattle"""
aida-item:FAC,aida-property:hasName,"en:""aida-item:FAC"""
aida-item:OrganizationAffiliation.Leadership.MilitaryPolice,aida-property:hasName,"en:""aida-item:OrganizationAffiliation.Leadership.MilitaryPolice"""
aida-item:Inspection.SensoryObserve,aida-property:hasName,"en:""aida-item:Inspection.SensoryObserve"""
aida-item:CRM.ViolentCrime,aida-property:hasName,"en:""aida-item:CRM.ViolentCrime"""
aida-item:CRM.BehaviorCrime.OrganizedCrime,aida-property:hasName,"en:""aida-item:CRM.BehaviorCrime.OrganizedCrime"""
aida-item:ORG.International.MonitoringGroup,aida-property:hasName,"en:""aida-item:ORG.International.MonitoringGroup"""
aida-item:VAL.Number.Number,aida-property:hasName,"en:""aida-item:VAL.Number.Number"""
aida-item:GeneralAffiliation.ArtifactPoliticalOrganizationReligiousAffiliation.OwnershipPossession,aida-property:hasName,"en:""aida-item:GeneralAffiliation.ArtifactPoliticalOrganizationReligiousAffiliation.OwnershipPossession"""
aida-item:Justice.JudicialConsequences.Execute,aida-property:hasName,"en:""aida-item:Justice.JudicialConsequences.Execute"""
aida-item:Contact.RequestAdvise,aida-property:hasName,"en:""aida-item:Contact.RequestAdvise"""
aida-item:COM.Flag.Flag,aida-property:hasName,"en:""aida-item:COM.Flag.Flag"""
aida-entity:4fba8ada-3361-459c-a37f-a0ccc4624ac5,aida-property:linkTarget,LDC2019E43:5134662
aida-item:VEH.WheeledVehicle.Truck,aida-property:hasName,"en:""aida-item:VEH.WheeledVehicle.Truck"""
aida-entity:11d2d098-804e-4379-afa0-7475a6a9986f,aida-property:hasName,"en:""MH17"""
aida-item:VEH.Aircraft,aida-property:hasName,"en:""aida-item:VEH.Aircraft"""
aida-item:WEA.Bullets.Ammunition,aida-property:hasName,"en:""aida-item:WEA.Bullets.Ammunition"""
aida-item:CRM.FinancialCrime.Extortion,aida-property:hasName,"en:""aida-item:CRM.FinancialCrime.Extortion"""
aida-item:Contact.Prevarication.Correspondence,aida-property:hasName,"en:""aida-item:Contact.Prevarication.Correspondence"""
aida-item:PER.MilitaryPersonnel,aida-property:hasName,"en:""aida-item:PER.MilitaryPersonnel"""
aida-item:FAC.Building.VotingFacility,aida-property:hasName,"en:""aida-item:FAC.Building.VotingFacility"""
aida-property:GeneralAffiliation.OrganizationPoliticalReligiousAffiliation.NationalityCitizen_Organization,aida-property:hasName,"en:""aida-property:GeneralAffiliation.OrganizationPoliticalReligiousAffiliation.NationalityCitizen_Organization"""
aida-item:Justice.JudicialConsequences,aida-property:hasName,"en:""aida-item:Justice.JudicialConsequences"""
aida-item:BAL,aida-property:hasName,"en:""aida-item:BAL"""
aida-item:LOC.Land,aida-property:hasName,"en:""aida-item:LOC.Land"""
aida-item:PER.Combatant.Sniper,aida-property:hasName,"en:""aida-item:PER.Combatant.Sniper"""
aida-item:WEA.Bomb,aida-property:hasName,"en:""aida-item:WEA.Bomb"""
aida-item:PER.ProfessionalPosition.Journalist,aida-property:hasName,"en:""aida-item:PER.ProfessionalPosition.Journalist"""
aida-item:Personnel.Elect.WinElection,aida-property:hasName,"en:""aida-item:Personnel.Elect.WinElection"""
aida-item:FAC.Way.Street,aida-property:hasName,"en:""aida-item:FAC.Way.Street"""
aida-item:Personnel.EndPosition.QuitRetire,aida-property:hasName,"en:""aida-item:Personnel.EndPosition.QuitRetire"""
aida-entity:e8d98762-d520-49ed-8de4-5b208d2e3fc9,aida-property:hasName,"en:""Ukrainian"""
aida-item:COM,aida-property:hasName,"en:""aida-item:COM"""
aida-item:Contact.FuneralVigil,aida-property:hasName,"en:""aida-item:Contact.FuneralVigil"""
aida-property:OrganizationAffiliation.EmploymentMembership.Employment_Employee,aida-property:hasName,"en:""aida-property:OrganizationAffiliation.EmploymentMembership.Employment_Employee"""
aida-property-type:Value,aida-property:hasName,"en:""aida-property-type:Value"""
aida-property:Physical.LocatedNear_Place,aida-property:hasName,"en:""aida-property:Physical.LocatedNear_Place"""
aida-item:Transaction.TransferMoney.Purchase,aida-property:hasName,"en:""aida-item:Transaction.TransferMoney.Purchase"""
aida-item:PersonalSocial.Unspecified,aida-property:hasName,"en:""aida-item:PersonalSocial.Unspecified"""
aida-item:GeneralAffiliation.OrganizationPoliticalReligiousAffiliation,aida-property:hasName,"en:""aida-item:GeneralAffiliation.OrganizationPoliticalReligiousAffiliation"""
aida-item:Conflict.Attack.Strangling,aida-property:hasName,"en:""aida-item:Conflict.Attack.Strangling"""
aida-item:Movement.TransportArtifact.DisperseSeparate,aida-property:hasName,"en:""aida-item:Movement.TransportArtifact.DisperseSeparate"""
aida-item:Transaction.Transaction.EmbargoSanction,aida-property:hasName,"en:""aida-item:Transaction.Transaction.EmbargoSanction"""
aida-property:PartWhole.Subsidiary.NationalityCitizen_Parent,aida-property:hasName,"en:""aida-property:PartWhole.Subsidiary.NationalityCitizen_Parent"""
aida-item:Life.Injure.IllnessDegradationPhysical,aida-property:hasName,"en:""aida-item:Life.Injure.IllnessDegradationPhysical"""
aida-item:FAC.Structure.Plaza,aida-property:hasName,"en:""aida-item:FAC.Structure.Plaza"""
aida-item:PER,aida-property:hasName,"en:""aida-item:PER"""
aida-property:Physical.OrganizationHeadquarters.OrganizationHeadquarters_Place,aida-property:hasName,"en:""aida-property:Physical.OrganizationHeadquarters.OrganizationHeadquarters_Place"""
aida-item:Government.Formation,aida-property:hasName,"en:""aida-item:Government.Formation"""
aida-item:VEH.MilitaryVehicle.Tank,aida-property:hasName,"en:""aida-item:VEH.MilitaryVehicle.Tank"""
aida-property:GeneralAffiliation.OrganizationWebsite.OrganizationWebsite_Organization,aida-property:hasName,"en:""aida-property:GeneralAffiliation.OrganizationWebsite.OrganizationWebsite_Organization"""
aida-item:PER.Police.ChiefOfPolice,aida-property:hasName,"en:""aida-item:PER.Police.ChiefOfPolice"""
aida-item:Contact.PublicStatementInPerson.Broadcast,aida-property:hasName,"en:""aida-item:Contact.PublicStatementInPerson.Broadcast"""
aida-item:VEH.MilitaryVehicle,aida-property:hasName,"en:""aida-item:VEH.MilitaryVehicle"""
aida-property:OrganizationAffiliation.Leadership.HeadOfState_Leader,aida-property:hasName,"en:""aida-property:OrganizationAffiliation.Leadership.HeadOfState_Leader"""
aida-property:GeneralAffiliation.ArtifactPoliticalOrganizationReligiousAffiliation.NationalityCitizen_Nationality,aida-property:hasName,"en:""aida-property:GeneralAffiliation.ArtifactPoliticalOrganizationReligiousAffiliation.NationalityCitizen_Nationality"""
aida-item:Contact.Discussion.Meet,aida-property:hasName,"en:""aida-item:Contact.Discussion.Meet"""
aida-property:PartWhole.Subsidiary.OrganizationSubsidiary_Subsidiary,aida-property:hasName,"en:""aida-property:PartWhole.Subsidiary.OrganizationSubsidiary_Subsidiary"""
aida-item:RES.TurnoutVoters.TurnoutVoters,aida-property:hasName,"en:""aida-item:RES.TurnoutVoters.TurnoutVoters"""
aida-property:Physical.LocatedNear_EntityOrFiller,aida-property:hasName,"en:""aida-property:Physical.LocatedNear_EntityOrFiller"""
aida-property:GeneralAffiliation.OrganizationPoliticalReligiousAffiliation_Organization,aida-property:hasName,"en:""aida-property:GeneralAffiliation.OrganizationPoliticalReligiousAffiliation_Organization"""
aida-property:Evaluate.Deliberateness.Accidental_Holder,aida-property:hasName,"en:""aida-property:Evaluate.Deliberateness.Accidental_Holder"""
aida-item:PER.ProfessionalPosition.Scientist,aida-property:hasName,"en:""aida-item:PER.ProfessionalPosition.Scientist"""
aida-entity:110be185-7b8c-4a12-a0d7-fcfe7687a7f0,aida-property:hasName,"en:""bodyguard"""
aida-item:Physical.LocatedNear.Surround,aida-property:hasName,"en:""aida-item:Physical.LocatedNear.Surround"""
aida-property:OrganizationAffiliation.EmploymentMembership.Membership_Member,aida-property:hasName,"en:""aida-property:OrganizationAffiliation.EmploymentMembership.Membership_Member"""
aida-item:GPE.Country.Country,aida-property:hasName,"en:""aida-item:GPE.Country.Country"""
aida-item:Life.Die,aida-property:hasName,"en:""aida-item:Life.Die"""
aida-item:PersonalSocial.Role,aida-property:hasName,"en:""aida-item:PersonalSocial.Role"""
aida-item:ORG.MilitaryOrganization.GovernmentArmedForces,aida-property:hasName,"en:""aida-item:ORG.MilitaryOrganization.GovernmentArmedForces"""
aida-item:Movement.TransportArtifact.PreventExit,aida-property:hasName,"en:""aida-item:Movement.TransportArtifact.PreventExit"""
aida-item:GPE.UrbanArea,aida-property:hasName,"en:""aida-item:GPE.UrbanArea"""
aida-item:WEA.Bullets.RubberBullets,aida-property:hasName,"en:""aida-item:WEA.Bullets.RubberBullets"""
aida-item:ORG.Government.FireDepartment,aida-property:hasName,"en:""aida-item:ORG.Government.FireDepartment"""
aida-item:Contact.MediaStatement,aida-property:hasName,"en:""aida-item:Contact.MediaStatement"""
aida-item:SID.Political.Opposition,aida-property:hasName,"en:""aida-item:SID.Political.Opposition"""
aida-item:WEA.MissileSystem.AirToAirMissile,aida-property:hasName,"en:""aida-item:WEA.MissileSystem.AirToAirMissile"""
aida-property:GeneralAffiliation.ArtifactPoliticalOrganizationReligiousAffiliation.OwnershipPossession_Artifact,aida-property:hasName,"en:""aida-property:GeneralAffiliation.ArtifactPoliticalOrganizationReligiousAffiliation.OwnershipPossession_Artifact"""
aida-property:PersonalSocial.Unspecified.Political_Person,aida-property:hasName,"en:""aida-property:PersonalSocial.Unspecified.Political_Person"""
aida-item:SID.Sports.Sports,aida-property:hasName,"en:""aida-item:SID.Sports.Sports"""
aida-item:Manufacture.Artifact.CreateIntellectualProperty,aida-property:hasName,"en:""aida-item:Manufacture.Artifact.CreateIntellectualProperty"""
aida-item:WEA.Bomb.MolotovCocktail,aida-property:hasName,"en:""aida-item:WEA.Bomb.MolotovCocktail"""
aida-item:ORG.CommercialOrganization.NewsAgency,aida-property:hasName,"en:""aida-item:ORG.CommercialOrganization.NewsAgency"""
aida-entity:d93aa0ec-a038-47c6-9983-334903ee39a8,aida-property:linkTarget,LDC2019E43:30000226
aida-entity:de116796-d44b-4a1a-8491-4dcced8e8a9f,aida-property:hasName,"en:""Hrabove"""
aida-item:VEH.WheeledVehicle.Bus,aida-property:hasName,"en:""aida-item:VEH.WheeledVehicle.Bus"""
aida-item:Contact.Negotiate.Meet,aida-property:hasName,"en:""aida-item:Contact.Negotiate.Meet"""
aida-item:ORG.MilitaryOrganization,aida-property:hasName,"en:""aida-item:ORG.MilitaryOrganization"""
aida-entity:d48106d9-91c7-4d10-a4dc-7d82d735a925,aida-property:linkTarget,LDC2019E43:703446
aida-item:Personnel.Elect,aida-property:hasName,"en:""aida-item:Personnel.Elect"""
aida-item:ORG.International.Commission,aida-property:hasName,"en:""aida-item:ORG.International.Commission"""
aida-property:Information.Color.Color_EntityOrFiller,aida-property:hasName,"en:""aida-property:Information.Color.Color_EntityOrFiller"""
aida-item:Movement.TransportArtifact.SendSupplyExport,aida-property:hasName,"en:""aida-item:Movement.TransportArtifact.SendSupplyExport"""
aida-item:GeneralAffiliation.Sponsorship.AdvisePlanOrganize,aida-property:hasName,"en:""aida-item:GeneralAffiliation.Sponsorship.AdvisePlanOrganize"""
aida-item:FAC.Structure.Tower,aida-property:hasName,"en:""aida-item:FAC.Structure.Tower"""
aida-item:WEA.MissileSystem.MissileLauncher,aida-property:hasName,"en:""aida-item:WEA.MissileSystem.MissileLauncher"""
aida-item:FAC.Structure.Bridge,aida-property:hasName,"en:""aida-item:FAC.Structure.Bridge"""
aida-item:Government.Vote,aida-property:hasName,"en:""aida-item:Government.Vote"""
aida-item:Inspection.SensoryObserve.PhysicalInvestigateInspect,aida-property:hasName,"en:""aida-item:Inspection.SensoryObserve.PhysicalInvestigateInspect"""
aida-item:WEA.MissileSystem.SurfaceToAirMissile,aida-property:hasName,"en:""aida-item:WEA.MissileSystem.SurfaceToAirMissile"""
aida-item:ORG.CommercialOrganization.Manufacturer,aida-property:hasName,"en:""aida-item:ORG.CommercialOrganization.Manufacturer"""
aida-item:Justice.JudicialConsequences.Convict,aida-property:hasName,"en:""aida-item:Justice.JudicialConsequences.Convict"""
aida-item:GeneralAffiliation.ArtifactPoliticalOrganizationReligiousAffiliation.ControlTerritory,aida-property:hasName,"en:""aida-item:GeneralAffiliation.ArtifactPoliticalOrganizationReligiousAffiliation.ControlTerritory"""
aida-item:Contact.CommitmentPromiseExpressIntent.Broadcast,aida-property:hasName,"en:""aida-item:Contact.CommitmentPromiseExpressIntent.Broadcast"""
aida-entity:9789ff8a-7d0a-45cc-9b2a-9a7465182d09,aida-property:hasName,"en:""Malaysian Airlines"""
aida-entity:6bcbc73a-2907-4c6c-8fc2-ad149846d6ac,aida-property:hasName,"en:""Ilovaysk"""
aida-item:Transaction.Transaction.GiftGrantProvideAid,aida-property:hasName,"en:""aida-item:Transaction.Transaction.GiftGrantProvideAid"""
aida-property:GeneralAffiliation.Sponsorship.HelpSupport_Sponsor,aida-property:hasName,"en:""aida-property:GeneralAffiliation.Sponsorship.HelpSupport_Sponsor"""
aida-item:Contact.Negotiate.Correspondence,aida-property:hasName,"en:""aida-item:Contact.Negotiate.Correspondence"""
aida-entity:e8d98762-d520-49ed-8de4-5b208d2e3fc9,aida-property:linkTarget,LDC2019E43:690791
aida-item:GeneralAffiliation.Sponsorship,aida-property:hasName,"en:""aida-item:GeneralAffiliation.Sponsorship"""
aida-entity:b993cba5-67e3-4e8e-b843-0f8103af98a0,aida-property:hasName,"en:""Stepan Poltorak"""
aida-item:PER.Politician,aida-property:hasName,"en:""aida-item:PER.Politician"""
aida-item:FAC.GeographicalArea.Checkpoint,aida-property:hasName,"en:""aida-item:FAC.GeographicalArea.Checkpoint"""
aida-property:Physical.LocatedNear.Surround_Place,aida-property:hasName,"en:""aida-property:Physical.LocatedNear.Surround_Place"""
aida-property:Measurement.Size.Count_EntityOrFiller,aida-property:hasName,"en:""aida-property:Measurement.Size.Count_EntityOrFiller"""
aida-item:Conflict.Attack.Invade,aida-property:hasName,"en:""aida-item:Conflict.Attack.Invade"""
aida-item:Personnel.EndPosition,aida-property:hasName,"en:""aida-item:Personnel.EndPosition"""
aida-item:Inspection.SensoryObserve.InspectPeopleOrganization,aida-property:hasName,"en:""aida-item:Inspection.SensoryObserve.InspectPeopleOrganization"""
aida-property:Measurement.Size_Measurement,aida-property:hasName,"en:""aida-property:Measurement.Size_Measurement"""
aida-item:FAC.Structure,aida-property:hasName,"en:""aida-item:FAC.Structure"""
aida-item:PER.Politician.Governor,aida-property:hasName,"en:""aida-item:PER.Politician.Governor"""
